{"name":"t:sections.footer.name","type":"footer","sections":{"c30a87c5-ae1c-4e11-8d85-807552b7b4e3":{"type":"custom-liquid","settings":{"custom_liquid":"","color_scheme":"background-1","padding_top":0,"padding_bottom":52}},"footer":{"type":"footer","blocks":{"text_6hGMhD":{"type":"text","settings":{"heading":"Follow us on INSTAGRAM","subtext":"<p><a href=\"https:\/\/www.instagram.com\/ice.possible\/\" title=\"https:\/\/www.instagram.com\/ice.possible\/\">@ice.possible<\/a><\/p>"}}},"block_order":["text_6hGMhD"],"settings":{"color_scheme":"background-1","newsletter_enable":false,"newsletter_heading":"STAY TUNED","enable_follow_on_shop":false,"show_social":false,"enable_country_selector":true,"enable_language_selector":true,"payment_enable":false,"show_policy":false,"margin_top":0,"padding_top":100,"padding_bottom":0}}},"order":["c30a87c5-ae1c-4e11-8d85-807552b7b4e3","footer"]}