{"sections":{"dbf9a912-9362-47bb-94d5-c4bee3b72351":{"type":"custom-liquid","settings":{"custom_liquid":"","color_scheme":"background-1","padding_top":0,"padding_bottom":52}},"featured_product_4UG3pC":{"type":"featured-product","blocks":{"text_YhMXbB":{"type":"text","settings":{"text":"{{ section.settings.product.vendor }}","text_style":"uppercase"}},"title_CnLj79":{"type":"title","settings":{"heading_size":"h1"}},"price_Wana7c":{"type":"price","settings":{}},"variant_picker_btXXFt":{"type":"variant_picker","settings":{"picker_type":"button"}},"quantity_selector_rfwx4j":{"type":"quantity_selector","settings":{}},"buy_buttons_8nnNm6":{"type":"buy_buttons","settings":{"show_dynamic_checkout":true}},"share_xg8tnX":{"type":"share","settings":{"share_label":"Share"}}},"block_order":["text_YhMXbB","title_CnLj79","price_Wana7c","variant_picker_btXXFt","quantity_selector_rfwx4j","buy_buttons_8nnNm6","share_xg8tnX"],"settings":{"product":"sticker-pack-1-icey-friends","color_scheme":"background-1","secondary_background":false,"media_size":"medium","constrain_to_viewport":true,"media_fit":"contain","media_position":"left","image_zoom":"lightbox","hide_variants":false,"enable_video_looping":false,"padding_top":36,"padding_bottom":36}}},"order":["dbf9a912-9362-47bb-94d5-c4bee3b72351","featured_product_4UG3pC"]}