{"parent":"product.json","context":{"market":"us"},"sections":{"featured_collection_48neb":{"type":"featured-collection","disabled":true,"settings":{"title":"SHOP","heading_size":"h1","description":"","show_description":true,"description_style":"body","collection":"sticker-pack-1-icey-friends","products_to_show":2,"columns_desktop":4,"full_width":false,"show_view_all":true,"view_all_style":"solid","enable_desktop_slider":false,"color_scheme":"background-1","header-a2f0963421301437787bf58fc8b15407":null,"image_ratio":"adapt","show_secondary_image":false,"show_vendor":false,"show_rating":false,"enable_quick_add":false,"header-0856fce51f78baeb3e0eb512f6eb1825":null,"columns_mobile":"2","swipe_on_mobile":false,"header-ff4acc23fe8159dbf13ba70e618e3509":null,"padding_top":36,"padding_bottom":36},"blocks":{},"block_order":[]},"main":{"disabled":false,"settings":{"enable_sticky_info":false,"gallery_layout":"thumbnail"},"blocks":{}},"related-products":{"disabled":true,"settings":{},"blocks":{}}},"order":["main","related-products","featured_collection_48neb"]}