{"sections":{"main":{"type":"main-product","blocks":{"title":{"type":"title","settings":{}},"price":{"type":"price","settings":{}},"variant_picker":{"type":"variant_picker","settings":{"picker_type":"dropdown"}},"text_mmc7dt":{"type":"text","settings":{"text":"Get 5 packs for $20!","text_style":"body"}},"quantity_selector":{"type":"quantity_selector","settings":{}},"buy_buttons":{"type":"buy_buttons","settings":{"show_dynamic_checkout":true}},"description":{"type":"description","settings":{}},"share":{"type":"share","settings":{"share_label":"Share"}}},"block_order":["title","price","variant_picker","text_mmc7dt","quantity_selector","buy_buttons","description","share"],"custom_css":[],"settings":{"enable_sticky_info":false,"media_size":"large","constrain_to_viewport":false,"media_fit":"contain","gallery_layout":"thumbnail","media_position":"left","image_zoom":"hover","mobile_thumbnails":"show","hide_variants":false,"enable_video_looping":false,"padding_top":100,"padding_bottom":0}},"related-products":{"type":"related-products","disabled":true,"settings":{"heading":"Related products","heading_size":"h2","products_to_show":4,"columns_desktop":4,"color_scheme":"background-1","image_ratio":"square","show_secondary_image":true,"show_vendor":false,"show_rating":false,"columns_mobile":"2","padding_top":8,"padding_bottom":28}}},"order":["main","related-products"]}